4251.1719999999995707,0.77148669958114624023,1,-0.097459495067596435547,0,0.96959203481674194336,1.5
4251.2240000000001601,0.77148646116256713867,1,-0.095630891621112823486,0,0.96516269445419311523,1.5
4251.2759999999998399,0.77146899700164794922,1,-0.094993837177753448486,0,0.96314185857772827148,1.5
4251.3280000000004293,0.77034348249435424805,1,-0.093276418745517730713,0,0.96054643392562866211,1.5
4251.3800000000001091,0.7697919011116027832,1,-0.092542737722396850586,0,0.9627259373664855957,1.5
4251.431999999999789,0.76957535743713378906,1,-0.090575382113456726074,0,0.9794673919677734375,1.5
4251.4840000000003783,0.77016341686248779297,1,-0.08956412971019744873,0,0.99035102128982543945,1.5
4251.5360000000000582,0.77372992038726806641,1,-0.086656428873538970947,0,1.0241522789001464844,1.5
4251.5879999999997381,0.77925568819046020508,1,-0.08334811776876449585,0,1.0606029033660888672,1.5
4251.6400000000003274,0.78240025043487548828,1,-0.081726402044296264648,0,1.0778982639312744141,1.5
4251.6920000000000073,0.78957104682922363281,1,-0.077500447630882263184,0,1.1170040369033813477,1.5
4251.7439999999996871,0.79185581207275390625,1,-0.075406625866889953613,0,1.132466435432434082,1.5
4251.7960000000002765,0.79819393157958984375,1,-0.07056201249361038208,0,1.1680158376693725586,1.5
4251.8479999999999563,0.80153048038482666016,1,-0.068435743451118469238,0,1.1833009719848632812,1.5
4251.8999999999996362,0.80896842479705810547,1,-0.063943989574909210205,0,1.2135775089263916016,1.5
4251.9520000000002256,0.81598830223083496094,1,-0.060217227786779403687,0,1.2376390695571899414,1.5
4252.0039999999999054,0.82083678245544433594,1,-0.057838883250951766968,0,1.2524733543395996094,1.5
4252.0559999999995853,0.82832926511764526367,1,-0.054446656256914138794,0,1.2730900049209594727,1.5
4252.1080000000001746,0.83307021856307983398,1,-0.052214924246072769165,0,1.2860387563705444336,1.5
4252.1599999999998545,0.84043365716934204102,1,-0.048758588731288909912,0,1.3053940534591674805,1.5
4252.2120000000004438,0.84508204460144042969,1,-0.046737220138311386108,0,1.3166561126708984375,1.5
4252.2680000000000291,0.85157608985900878906,1,-0.044077917933464050293,0,1.3313133716583251953,1.5
4252.319999999999709,0.86033004522323608398,1,-0.04155369102954864502,0,1.348791956901550293,1.5
4252.3720000000002983,0.86424875259399414062,1,-0.040599249303340911865,0,1.3558647632598876953,1.5
4252.4239999999999782,0.872447967529296875,1,-0.038760006427764892578,0,1.3700736761093139648,1.5
4252.475999999999658,0.87580329179763793945,1,-0.038062363862991333008,0,1.3753907680511474609,1.5
4252.5280000000002474,0.8843663334846496582,1,-0.036361958831548690796,0,1.3873764276504516602,1.5
4252.5799999999999272,0.88763594627380371094,1,-0.035772033035755157471,0,1.3916275501251220703,1.5
4252.6319999999996071,0.89589017629623413086,1,-0.034356813877820968628,0,1.4008748531341552734,1.5
4252.6840000000001965,0.89947611093521118164,1,-0.033779971301555633545,0,1.4045379161834716797,1.5
4252.7359999999998763,0.90643197298049926758,1,-0.030961750075221061707,0,1.4132273197174072266,1.5
4252.7879999999995562,0.91302037239074707031,1,-0.02796153537929058075,0,1.4212255477905273438,1.5
4252.8400000000001455,0.91604685783386230469,1,-0.026753179728984832764,0,1.4244554042816162109,1.5
4252.8919999999998254,0.92221742868423461914,1,-0.024337604641914367676,0,1.4309631586074829102,1.5
4252.9440000000004147,0.92504280805587768555,1,-0.023351877927780151367,0,1.4335616827011108398,1.5
4252.9960000000000946,0.93083769083023071289,1,-0.021410170942544937134,0,1.4385957717895507812,1.5
4253.0479999999997744,0.93349534273147583008,1,-0.020607657730579376221,0,1.4408047199249267578,1.5
4253.1000000000003638,0.93863534927368164062,1,-0.018494708463549613953,0,1.4448815584182739258,1.5
4253.1520000000000437,0.940631866455078125,1,-0.017119185999035835266,0,1.4464267492294311523,1.5
4253.2039999999997235,0.94498652219772338867,1,-0.014367094263434410095,0,1.4497951269149780273,1.5
4253.2560000000003129,0.94823461771011352539,1,-0.012480585835874080658,0,1.4522013664245605469,1.5
4253.3079999999999927,0.95051270723342895508,1,-0.011385312303900718689,0,1.4540265798568725586,1.5
4253.3599999999996726,0.95403599739074707031,1,-0.0099692493677139282227,0,1.4567025899887084961,1.5
4253.4120000000002619,0.95587599277496337891,1,-0.0092088235542178153992,0,1.4581550359725952148,1.5
4253.4639999999999418,0.95886260271072387695,1,-0.0082326279953122138977,0,1.4598735570907592773,1.5
4253.5159999999996217,0.96067923307418823242,1,-0.0068098572082817554474,0,1.4616541862487792969,1.5
4253.568000000000211,0.96311962604522705078,1,-0.0038029034622013568878,0,1.4651166200637817383,1.5
4253.6199999999998909,0.96589952707290649414,1,-0.00095237145433202385902,0,1.4689086675643920898,1.5
4273.8360000000002401,0.91732949018478393555,1,-0.053213000297546386719,0,1.1406278610229492188,1.5
4273.88799999999992,0.91631460189819335938,1,-0.05376660078763961792,0,1.1344821453094482422,1.5
4273.9399999999995998,0.91593557596206665039,1,-0.05400188639760017395,0,1.1316134929656982422,1.5
4273.9920000000001892,0.91514998674392700195,1,-0.054387602955102920532,0,1.1263329982757568359,1.5
4274.043999999999869,0.91489171981811523438,1,-0.054513633251190185547,0,1.1259899139404296875,1.5
4274.0959999999995489,0.91422069072723388672,1,-0.054343800991773605347,0,1.1338315010070800781,1.5
4274.1480000000001382,0.91371160745620727539,1,-0.054055571556091308594,0,1.1415017843246459961,1.5
4274.1999999999998181,0.9134528040885925293,1,-0.05301520228385925293,0,1.1632046699523925781,1.5
4274.2520000000004075,0.91393899917602539062,1,-0.051850218325853347778,0,1.1823142766952514648,1.5
4274.3040000000000873,0.91468614339828491211,1,-0.050930865108966827393,0,1.1962399482727050781,1.5
4274.3559999999997672,0.91635555028915405273,1,-0.049343470484018325806,0,1.2178483009338378906,1.5
4274.4080000000003565,0.91742193698883056641,1,-0.048351600766181945801,0,1.2297153472900390625,1.5
4274.4600000000000364,0.91953408718109130859,1,-0.04670966416597366333,0,1.2482608556747436523,1.5
4274.5119999999997162,0.92027556896209716797,1,-0.046080332249402999878,0,1.2603476047515869141,1.5
4274.568000000000211,0.92059314250946044922,1,-0.045714356005191802979,0,1.2779738903045654297,1.5
4274.6199999999998909,0.9210612177848815918,1,-0.045341655611991882324,0,1.288958430290222168,1.5
4274.6719999999995707,0.92225360870361328125,1,-0.044570259749889373779,0,1.3049966096878051758,1.5
4274.7240000000001601,0.92370533943176269531,1,-0.04364414513111114502,0,1.3205106258392333984,1.5
4274.7759999999998399,0.92437082529067993164,1,-0.043229307979345321655,0,1.3264478445053100586,1.5
4274.8280000000004293,0.92643725872039794922,1,-0.042036443948745727539,0,1.34020233154296875,1.5
4274.8800000000001091,0.92745947837829589844,1,-0.041476532816886901855,0,1.3457671403884887695,1.5
4274.931999999999789,0.92796850204467773438,1,-0.04117533564567565918,0,1.359440922737121582,1.5
4274.9840000000003783,0.92800617218017578125,1,-0.041139595210552215576,0,1.3650118112564086914,1.5
4275.0360000000000582,0.92879444360733032227,1,-0.04074571654200553894,0,1.3777232170104980469,1.5
4275.0879999999997381,0.92986887693405151367,1,-0.040205638855695724487,0,1.3883687257766723633,1.5
4275.1400000000003274,0.93056875467300415039,1,-0.039869222790002822876,0,1.3927226066589355469,1.5
4275.1920000000000073,0.93236017227172851562,1,-0.039027787744998931885,0,1.4015204906463623047,1.5
4275.2479999999995925,0.93311035633087158203,1,-0.0386753082275390625,0,1.4046764373779296875,1.5
4275.3000000000001819,0.93528157472610473633,1,-0.038319747895002365112,0,1.4130489826202392578,1.5
4275.3519999999998618,0.93774944543838500977,1,-0.0389365367591381073,0,1.4224450588226318359,1.5
4275.4080000000003565,0.93918633460998535156,1,-0.039275292307138442993,0,1.427649378776550293,1.5
4275.4639999999999418,0.94168865680694580078,1,-0.039480671286582946777,0,1.4347144365310668945,1.5
4275.5159999999996217,0.94338613748550415039,1,-0.039481643587350845337,0,1.4388736486434936523,1.5
4275.5720000000001164,0.94592833518981933594,1,-0.039318080991506576538,0,1.4442268610000610352,1.5
4275.6239999999997963,0.94896531105041503906,1,-0.038873709738254547119,0,1.4498310089111328125,1.5
4275.6760000000003856,0.95030480623245239258,1,-0.038597665727138519287,0,1.4520286321640014648,1.5
4275.7319999999999709,0.95213776826858520508,1,-0.038404766470193862915,0,1.4576954841613769531,1.5
4275.7839999999996508,0.95274692773818969727,1,-0.03834101557731628418,0,1.459826350212097168,1.5
4275.8360000000002401,0.95445448160171508789,1,-0.037925422191619873047,0,1.4637168645858764648,1.5
4275.88799999999992,0.95609891414642333984,1,-0.037307847291231155396,0,1.4663302898406982422,1.5
4275.9399999999995998,0.95691359043121337891,1,-0.036925144493579864502,0,1.4670988321304321289,1.5
4275.9920000000001892,0.95864152908325195312,1,-0.035985980182886123657,0,1.4687871932983398438,1.5
4276.043999999999869,0.95948702096939086914,1,-0.035491168498992919922,0,1.4692696332931518555,1.5
4276.0959999999995489,0.96118450164794921875,1,-0.034526165574789047241,0,1.4706177711486816406,1.5
4276.1480000000001382,0.96188253164291381836,1,-0.034390076994895935059,0,1.4724496603012084961,1.5
4276.1999999999998181,0.9634901881217956543,1,-0.033954415470361709595,0,1.4758127927780151367,1.5
4276.2520000000004075,0.96478301286697387695,1,-0.033542566001415252686,0,1.4781137704849243164,1.5
4276.3040000000000873,0.96572506427764892578,1,-0.033175308257341384888,0,1.4792997837066650391,1.5
4276.3559999999997672,0.96723973751068115234,1,-0.032533790916204452515,0,1.4804865121841430664,1.5
4276.4080000000003565,0.96808791160583496094,1,-0.032174684107303619385,0,1.4812854528427124023,1.5
4276.4600000000000364,0.96953290700912475586,1,-0.031494442373514175415,0,1.4819409847259521484,1.5
4276.5119999999997162,0.97030609846115112305,1,-0.031287286430597305298,0,1.4829201698303222656,1.5
4276.5640000000003056,0.97122633457183837891,1,-0.031230516731739044189,0,1.4851633310317993164,1.5
4419.6279999999997017,0.99352169036865234375,1,-0.20307369530200958252,0,1.092381596565246582,1.5
4419.680000000000291,0.99372643232345581055,1,-0.20434974133968353271,0,1.0908129215240478516,1.5
4419.7319999999999709,0.99810844659805297852,1,-0.20722267031669616699,0,1.0921646356582641602,1.5
4419.7839999999996508,1.0035054683685302734,1,-0.21085265278816223145,0,1.0939662456512451172,1.5
4419.8360000000002401,1.0065085887908935547,1,-0.21272681653499603271,0,1.0986876487731933594,1.5
4419.88799999999992,1.0103719234466552734,1,-0.21424500644207000732,0,1.1131560802459716797,1.5
4419.9399999999995998,1.014044642448425293,1,-0.21346552670001983643,0,1.1394276618957519531,1.5
4419.9920000000001892,1.0153899192810058594,1,-0.21253073215484619141,0,1.151471257209777832,1.5
4420.043999999999869,1.0178486108779907227,1,-0.20841515064239501953,0,1.1841149330139160156,1.5
4420.0959999999995489,1.0199587345123291016,1,-0.20596739649772644043,0,1.2035708427429199219,1.5
4420.1480000000001382,1.0268465280532836914,1,-0.20393387973308563232,0,1.2351775169372558594,1.5
4420.1999999999998181,1.0297718048095703125,1,-0.20263911783695220947,0,1.2493208646774291992,1.5
4420.2520000000004075,1.035312652587890625,1,-0.19779035449028015137,0,1.2823261022567749023,1.5
4420.3040000000000873,1.0394349098205566406,1,-0.19218547642230987549,0,1.3104271888732910156,1.5
4420.3559999999997672,1.0407462120056152344,1,-0.18912632763385772705,0,1.3220969438552856445,1.5
4420.4080000000003565,1.0430382490158081055,1,-0.18224933743476867676,0,1.3454535007476806641,1.5
4420.4600000000000364,1.0436066389083862305,1,-0.17872053384780883789,0,1.3553384542465209961,1.5
4420.5119999999997162,1.0476654767990112305,1,-0.17301690578460693359,0,1.3752443790435791016,1.5
4420.5640000000003056,1.0498739480972290039,1,-0.17055645585060119629,0,1.3836405277252197266,1.5
4420.6199999999998909,1.053976893424987793,1,-0.16501253843307495117,0,1.4002175331115722656,1.5
4420.6719999999995707,1.0562292337417602539,1,-0.15943998098373413086,0,1.4129678010940551758,1.5
4420.7240000000001601,1.0572056770324707031,1,-0.15548303723335266113,0,1.4205331802368164062,1.5
4420.7759999999998399,1.0579731464385986328,1,-0.14926171302795410156,0,1.4306999444961547852,1.5
4420.8280000000004293,1.0580397844314575195,1,-0.14495652914047241211,0,1.4371929168701171875,1.5
4420.8800000000001091,1.0575243234634399414,1,-0.13835585117340087891,0,1.4459776878356933594,1.5
4420.931999999999789,1.0611253976821899414,1,-0.13680467009544372559,0,1.4533147811889648438,1.5
4420.9840000000003783,1.0651954412460327148,1,-0.1338472217321395874,0,1.4633617401123046875,1.5
4421.0360000000000582,1.0671745538711547852,1,-0.13154278695583343506,0,1.4692885875701904297,1.5
4421.0879999999997381,1.069193720817565918,1,-0.12768785655498504639,0,1.4770506620407104492,1.5
4421.1400000000003274,1.0701661109924316406,1,-0.12246780097484588623,0,1.4846543073654174805,1.5
4421.1920000000000073,1.0703486204147338867,1,-0.12041669338941574097,0,1.487612605094909668,1.5
4421.2439999999996871,1.0696831941604614258,1,-0.11467085033655166626,0,1.4936950206756591797,1.5
4421.2960000000002765,1.0692421197891235352,1,-0.11243005841970443726,0,1.495791316032409668,1.5
4421.3479999999999563,1.074741363525390625,1,-0.1085210070013999939,0,1.5023946762084960938,1.5
4421.3999999999996362,1.0766166448593139648,1,-0.10698564350605010986,0,1.5049371719360351562,1.5
4421.4520000000002256,1.0793629884719848633,1,-0.1024176180362701416,0,1.5101959705352783203,1.5
4421.5039999999999054,1.0841612815856933594,1,-0.099366903305053710938,0,1.516628265380859375,1.5
4421.5559999999995853,1.0864932537078857422,1,-0.09809729456901550293,0,1.5195124149322509766,1.5
4421.6080000000001746,1.0908291339874267578,1,-0.09532330930233001709,0,1.5255169868469238281,1.5
4421.6639999999997599,1.0919660329818725586,1,-0.093725912272930145264,0,1.5274977684020996094,1.5
4421.7160000000003492,1.0938702821731567383,1,-0.090278603136539459229,0,1.5316128730773925781,1.5
4421.7680000000000291,1.0940567255020141602,1,-0.088458277285099029541,0,1.5329078435897827148,1.5
4421.8239999999996144,1.0938847064971923828,1,-0.084560193121433258057,0,1.5349795818328857422,1.5
4421.8760000000002037,1.0925681591033935547,1,-0.080884560942649841309,0,1.5358377695083618164,1.5
4421.9279999999998836,1.0953819751739501953,1,-0.080526165664196014404,0,1.537810206413269043,1.5
4421.9799999999995634,1.0981811285018920898,1,-0.079497441649436950684,0,1.5401352643966674805,1.5
4422.0320000000001528,1.0992416143417358398,1,-0.078559987246990203857,0,1.541271209716796875,1.5
4422.0839999999998327,1.0998059511184692383,1,-0.076827459037303924561,0,1.5428192615509033203,1.5
4422.1400000000003274,1.0989773273468017578,1,-0.074253387749195098877,0,1.5441420078277587891,1.5
4422.1920000000000073,1.0984627008438110352,1,-0.073211178183555603027,0,1.5450382232666015625,1.5
4422.2439999999996871,1.0958931446075439453,1,-0.07011865079402923584,0,1.5461846590042114258,1.5
4422.2960000000002765,1.0946785211563110352,1,-0.068899273872375488281,0,1.5466473102569580078,1.5
4422.3479999999999563,1.0976150035858154297,1,-0.06688941270112991333,0,1.5483597517013549805,1.5
4422.3999999999996362,1.098496556282043457,1,-0.066057436168193817139,0,1.5489441156387329102,1.5
4422.4520000000002256,1.0988336801528930664,1,-0.063478305935859680176,0,1.5497452020645141602,1.5
4422.5039999999999054,1.098132014274597168,1,-0.060886681079864501953,0,1.5505965948104858398,1.5
4422.5559999999995853,1.0972621440887451172,1,-0.059559479355812072754,0,1.5507522821426391602,1.5
4422.6080000000001746,1.094952702522277832,1,-0.056673791259527206421,0,1.5510269403457641602,1.5
4422.6599999999998545,1.0934283733367919922,1,-0.055234972387552261353,0,1.5507314205169677734,1.5
4422.7120000000004438,1.0940788984298706055,1,-0.053647000342607498169,0,1.552965998649597168,1.5
4422.7640000000001237,1.0949590206146240234,1,-0.05318164825439453125,0,1.5540918111801147461,1.5
4422.8159999999998035,1.09633636474609375,1,-0.052056729793548583984,0,1.5561748743057250977,1.5
4422.8680000000003929,1.0962470769882202148,1,-0.051320541650056838989,0,1.556528925895690918,1.5
4422.9200000000000728,1.0957024097442626953,1,-0.049652587622404098511,0,1.5570681095123291016,1.5
4422.9719999999997526,1.0941979885101318359,1,-0.047918543219566345215,0,1.5571595430374145508,1.5
4423.0280000000002474,1.0927927494049072266,1,-0.046671267598867416382,0,1.5569373369216918945,1.5
4423.0799999999999272,1.0900940895080566406,1,-0.044729419052600860596,0,1.5561199188232421875,1.5
4423.1319999999996071,1.0918180942535400391,1,-0.044127129018306732178,0,1.5574014186859130859,1.5
4423.1840000000001965,1.0932583808898925781,1,-0.042999755591154098511,0,1.5585920810699462891,1.5
4423.2359999999998763,1.0935858488082885742,1,-0.042133826762437820435,0,1.5589696168899536133,1.5
4423.2879999999995562,1.0933052301406860352,1,-0.040717802941799163818,0,1.5592104196548461914,1.5
4423.3400000000001455,1.0918029546737670898,1,-0.03880234062671661377,0,1.5587903261184692383,1.5
4423.3919999999998254,1.0910784006118774414,1,-0.038031600415706634521,0,1.5586704015731811523,1.5
4423.4440000000004147,1.0882817506790161133,1,-0.035938143730163574219,0,1.5577338933944702148,1.5
4423.4960000000000946,1.0870515108108520508,1,-0.035107180476188659668,0,1.5572980642318725586,1.5
4423.5479999999997744,1.0890463590621948242,1,-0.035887092351913452148,0,1.5572865009307861328,1.5
4423.6000000000003638,1.0896265506744384766,1,-0.036159429699182510376,0,1.5572599172592163086,1.5
4423.6520000000000437,1.0895057916641235352,1,-0.036284774541854858398,0,1.5567662715911865234,1.5
4423.7039999999997235,1.0885355472564697266,1,-0.036167945712804794312,0,1.5560514926910400391,1.5
4423.7560000000003129,1.0876048803329467773,1,-0.03594857826828956604,0,1.5555639266967773438,1.5
4423.8079999999999927,1.0853086709976196289,1,-0.035403069108724594116,0,1.5545759201049804688,1.5
4423.8599999999996726,1.0838439464569091797,1,-0.035031210631132125854,0,1.5538398027420043945,1.5
4423.9120000000002619,1.0831224918365478516,1,-0.034709110856056213379,0,1.554925084114074707,1.5
4423.9639999999999418,1.0830829143524169922,1,-0.034577820450067520142,0,1.5558437108993530273,1.5
4424.0159999999996217,1.0826057195663452148,1,-0.034180093556642532349,0,1.558470606803894043,1.5
4424.068000000000211,1.0818704366683959961,1,-0.033881962299346923828,0,1.5591474771499633789,1.5
4424.1239999999997963,1.0800477266311645508,1,-0.033130276948213577271,0,1.5606024265289306641,1.5
4424.1760000000003856,1.0777695178985595703,1,-0.032240625470876693726,0,1.5612829923629760742,1.5
4424.2319999999999709,1.0759732723236083984,1,-0.031550534069538116455,0,1.5614131689071655273,1.5
4424.2839999999996508,1.0729267597198486328,1,-0.030353363603353500366,0,1.5611617565155029297,1.5
4424.3360000000002401,1.0746434926986694336,1,-0.030682453885674476624,0,1.5633653402328491211,1.5
4424.38799999999992,1.0762268304824829102,1,-0.03089246898889541626,0,1.5656430721282958984,1.5
4424.4399999999995998,1.0767379999160766602,1,-0.030748944729566574097,0,1.5669894218444824219,1.5
4424.4920000000001892,1.0768251419067382812,1,-0.030671304091811180115,0,1.567340850830078125,1.5
4424.543999999999869,1.0759491920471191406,1,-0.030165145173668861389,0,1.5669720172882080078,1.5
4424.5959999999995489,1.0755044221878051758,1,-0.029944457113742828369,0,1.5668318271636962891,1.5
4424.6480000000001382,1.0735276937484741211,1,-0.02922390960156917572,0,1.5657453536987304688,1.5
4424.6999999999998181,1.0726485252380371094,1,-0.028928704559803009033,0,1.5654431581497192383,1.5
4424.7520000000004075,1.0728707313537597656,1,-0.028983594849705696106,0,1.5668016672134399414,1.5
4424.8040000000000873,1.0722752809524536133,1,-0.028797715902328491211,0,1.5677343606948852539,1.5
4424.8559999999997672,1.0715870857238769531,1,-0.028592007234692573547,0,1.5677093267440795898,1.5
4424.9080000000003565,1.0698777437210083008,1,-0.028028598055243492126,0,1.5677807331085205078,1.5
4424.9600000000000364,1.0687586069107055664,1,-0.027660347521305084229,0,1.5672982931137084961,1.5
4425.0119999999997162,1.0661003589630126953,1,-0.026765773072838783264,0,1.5659810304641723633,1.5
4425.0640000000003056,1.0646154880523681641,1,-0.026305824518203735352,0,1.5650678873062133789,1.5
4425.1159999999999854,1.0644005537033081055,1,-0.026210485026240348816,0,1.5655945539474487305,1.5
4425.1679999999996653,1.0648260116577148438,1,-0.026343513280153274536,0,1.5659353733062744141,1.5
4425.2200000000002547,1.0654641389846801758,1,-0.026569945737719535828,0,1.5667082071304321289,1.5
4425.2719999999999345,1.0652414560317993164,1,-0.026566930115222930908,0,1.5663714408874511719,1.5
4425.3239999999996144,1.0647779703140258789,1,-0.026490410789847373962,0,1.5656999349594116211,1.5
4425.3760000000002037,1.0636622905731201172,1,-0.026274006813764572144,0,1.5647230148315429688,1.5
4425.4279999999998836,1.0626789331436157227,1,-0.026058526709675788879,0,1.5639333724975585938,1.5
4425.4799999999995634,1.0608606338500976562,1,-0.02567182295024394989,0,1.56238555908203125,1.5
4425.5320000000001528,1.0609849691390991211,1,-0.025442788377404212952,0,1.5622045993804931641,1.5
4425.5879999999997381,1.0606125593185424805,1,-0.02499839290976524353,0,1.5620638132095336914,1.5
4425.6400000000003274,1.0593996047973632812,1,-0.024283183738589286804,0,1.5611575841903686523,1.5
4425.6920000000000073,1.0588346719741821289,1,-0.023973783478140830994,0,1.5610086917877197266,1.5
4425.7439999999996871,1.0567877292633056641,1,-0.023131208494305610657,0,1.5595620870590209961,1.5
4425.7960000000002765,1.0558985471725463867,1,-0.022782465443015098572,0,1.5590236186981201172,1.5
4425.8479999999999563,1.0531965494155883789,1,-0.021866310387849807739,0,1.5573803186416625977,1.5
4425.8999999999996362,1.052060246467590332,1,-0.021503333002328872681,0,1.556865692138671875,1.5
4425.9520000000002256,1.052092432975769043,1,-0.021297426894307136536,0,1.5589447021484375,1.5
4426.0039999999999054,1.0514730215072631836,1,-0.021008290350437164307,0,1.5608036518096923828,1.5
4426.0559999999995853,1.050853729248046875,1,-0.020817667245864868164,0,1.5612539052963256836,1.5
4426.1080000000001746,1.0493158102035522461,1,-0.020328203216195106506,0,1.5620405673980712891,1.5
4426.1599999999998545,1.0483634471893310547,1,-0.020063754171133041382,0,1.5619233846664428711,1.5
4426.2120000000004438,1.0461755990982055664,1,-0.019475523382425308228,0,1.5616331100463867188,1.5
4426.2640000000001237,1.0449812412261962891,1,-0.019162856042385101318,0,1.5613218545913696289,1.5
4426.3159999999998035,1.0444971323013305664,1,-0.019239019602537155151,0,1.5626361370086669922,1.5
4426.3680000000003929,1.0446314811706542969,1,-0.01944329775869846344,0,1.5632250308990478516,1.5
4426.4200000000000728,1.0446878671646118164,1,-0.019814409315586090088,0,1.564869999885559082,1.5
4426.4719999999997526,1.0441510677337646484,1,-0.019962120801210403442,0,1.565142512321472168,1.5
4426.524000000000342,1.0435923337936401367,1,-0.019985094666481018066,0,1.5650767087936401367,1.5
4426.5760000000000218,1.0424699783325195312,1,-0.019961129873991012573,0,1.5644032955169677734,1.5
4426.6279999999997017,1.0415544509887695312,1,-0.019902931526303291321,0,1.5637644529342651367,1.5
4426.680000000000291,1.0399509668350219727,1,-0.019741581752896308899,0,1.5625742673873901367,1.5
4426.7319999999999709,1.0399644374847412109,1,-0.020182508975267410278,0,1.5636866092681884766,1.5
4426.7839999999996508,1.0395554304122924805,1,-0.020702844485640525818,0,1.5647634267807006836,1.5
4426.8360000000002401,1.0390276908874511719,1,-0.020944606512784957886,0,1.5655877590179443359,1.5
4426.8919999999998254,1.0379579067230224609,1,-0.021186742931604385376,0,1.5662969350814819336,1.5
4931.7280000000000655,0.96632349491119384766,1,0.038196176290512084961,0,1.0214716196060180664,1.5
4931.7799999999997453,0.96657741069793701172,1,0.039866574108600616455,0,1.0046962499618530273,1.5
4931.8320000000003347,0.96654868125915527344,1,0.040749818086624145508,0,0.99164682626724243164,1.5
4931.88799999999992,0.96642798185348510742,1,0.041107717901468276978,0,0.9845154881477355957,1.5
4931.9399999999995998,0.96636873483657836914,1,0.045045461505651473999,0,0.9774106144905090332,1.5
4931.9920000000001892,0.96637743711471557617,1,0.047153238207101821899,0,0.97849220037460327148,1.5
4932.043999999999869,0.96653693914413452148,1,0.04955622553825378418,0,0.98726803064346313477,1.5
4932.0959999999995489,0.9667332768440246582,1,0.05069499090313911438,0,0.99640423059463500977,1.5
4932.1480000000001382,0.96711707115173339844,1,0.051787149161100387573,0,1.0131306648254394531,1.5
4932.1999999999998181,0.96761333942413330078,1,0.052137188613414764404,0,1.0356912612915039062,1.5
4932.2520000000004075,0.96780180931091308594,1,0.052099902182817459106,0,1.0446100234985351562,1.5
4932.3040000000000873,0.96853029727935791016,1,0.052789092063903808594,0,1.066054224967956543,1.5
4932.3559999999997672,0.96891558170318603516,1,0.053733658045530319214,0,1.0732085704803466797,1.5
4932.4080000000003565,0.96973341703414916992,1,0.054876271635293960571,0,1.0918715000152587891,1.5
4932.4600000000000364,0.97003769874572753906,1,0.055141374468803405762,0,1.0988625288009643555,1.5
4932.5119999999997162,0.97074335813522338867,1,0.054852060973644256592,0,1.1168537139892578125,1.5
4932.5640000000003056,0.97099965810775756836,1,0.054587703198194503784,0,1.123437047004699707,1.5
4932.6159999999999854,0.97159683704376220703,1,0.05318215489387512207,0,1.1401044130325317383,1.5
4932.6679999999996653,0.97205078601837158203,1,0.051300089806318283081,0,1.1546081304550170898,1.5
4932.7200000000002547,0.97381055355072021484,1,0.052557699382305145264,0,1.1590185165405273438,1.5
4932.7719999999999345,0.97737205028533935547,1,0.054803982377052307129,0,1.1679811477661132812,1.5
4932.8239999999996144,0.97877734899520874023,1,0.05526889115571975708,0,1.172629237174987793,1.5
4932.8760000000002037,0.98165732622146606445,1,0.055924564599990844727,0,1.1817972660064697266,1.5
4932.9279999999998836,0.98278504610061645508,1,0.055793128907680511475,0,1.1863164901733398438,1.5
4932.9799999999995634,0.98502868413925170898,1,0.055236365646123886108,0,1.1955857276916503906,1.5
4933.0320000000001528,0.98665028810501098633,1,0.054101351648569107056,0,1.2034904956817626953,1.5
4933.0839999999998327,0.98759597539901733398,1,0.053068343549966812134,0,1.2083595991134643555,1.5
4933.136000000000422,0.98991590738296508789,1,0.054685290902853012085,0,1.2126643657684326172,1.5
4933.1880000000001019,0.99124264717102050781,1,0.055285353213548660278,0,1.2158377170562744141,1.5
4933.2399999999997817,0.99294823408126831055,1,0.055560935288667678833,0,1.2209354639053344727,1.5
4933.2920000000003711,0.99391067028045654297,1,0.055362179875373840332,0,1.2245708703994750977,1.5
4933.3440000000000509,0.99736839532852172852,1,0.056285794824361801147,0,1.2285420894622802734,1.5
4933.3959999999997308,0.99935477972030639648,1,0.056469798088073730469,0,1.231343388557434082,1.5
4933.4480000000003201,1.0018848180770874023,1,0.056157220155000686646,0,1.235913395881652832,1.5
4933.5,1.0042331218719482422,1,0.054943110793828964233,0,1.2420941591262817383,1.5
4933.5519999999996799,1.0050380229949951172,1,0.054343678057193756104,0,1.2445175647735595703,1.5
4933.6040000000002692,1.0065517425537109375,1,0.052131541073322296143,0,1.2514230012893676758,1.5
4933.6559999999999491,1.0070451498031616211,1,0.051165219396352767944,0,1.2540030479431152344,1.5
4933.7079999999996289,1.0082243680953979492,1,0.050413191318511962891,0,1.2593871355056762695,1.5
4933.7600000000002183,1.0087960958480834961,1,0.051223747432231903076,0,1.2604856491088867188,1.5
4933.8119999999998981,1.0097144842147827148,1,0.05195504799485206604,0,1.2648240327835083008,1.5
4933.8680000000003929,1.0099862813949584961,1,0.052103269845247268677,0,1.2665292024612426758,1.5
4933.9200000000000728,1.0102912187576293945,1,0.051493398845195770264,0,1.2715929746627807617,1.5
4933.9719999999997526,1.0102428197860717773,1,0.050365108996629714966,0,1.2770402431488037109,1.5
4934.024000000000342,1.0101006031036376953,1,0.049539938569068908691,0,1.2796802520751953125,1.5
4934.0760000000000218,1.0096555948257446289,1,0.047556161880493164062,0,1.2852063179016113281,1.5
4934.1279999999997017,1.0099614858627319336,1,0.048627313226461410522,0,1.2848030328750610352,1.5
4934.180000000000291,1.0104159116744995117,1,0.050520174205303192139,0,1.2842011451721191406,1.5
4934.2319999999999709,1.0104364156723022461,1,0.051194645464420318604,0,1.2844316959381103516,1.5
4934.2839999999996508,1.0103205442428588867,1,0.051271043717861175537,0,1.2847880125045776367,1.5
4934.3400000000001455,1.0099772214889526367,1,0.050871856510639190674,0,1.2859989404678344727,1.5
4934.3919999999998254,1.0096590518951416016,1,0.050313107669353485107,0,1.2872294187545776367,1.5
4934.4440000000004147,1.009043574333190918,1,0.049061007797718048096,0,1.2892823219299316406,1.5
4934.4960000000000946,1.0085513591766357422,1,0.047979079186916351318,0,1.2911139726638793945,1.5
4934.5479999999997744,1.0086759328842163086,1,0.050505351275205612183,0,1.2906801700592041016,1.5
4934.6000000000003638,1.0084615945816040039,1,0.052140191197395324707,0,1.2914925813674926758,1.5
4934.6520000000000437,1.008336186408996582,1,0.052627943456172943115,0,1.2917957305908203125,1.5
4934.7039999999997235,1.0077302455902099609,1,0.052735403180122375488,0,1.293860316276550293,1.5
4934.7560000000003129,1.0074520111083984375,1,0.05264905095100402832,0,1.2947727441787719727,1.5
4934.8079999999999927,1.0065721273422241211,1,0.051589988172054290771,0,1.2977758646011352539,1.5
4934.8599999999996726,1.0062013864517211914,1,0.051063749939203262329,0,1.2989760637283325195,1.5
4934.9120000000002619,1.0059889554977416992,1,0.051877561956644058228,0,1.3013116121292114258,1.5
4934.9639999999999418,1.0063345432281494141,1,0.053583230823278427124,0,1.3014223575592041016,1.5
4935.0159999999996217,1.0067580938339233398,1,0.05613085627555847168,0,1.3032785654067993164,1.5
4935.068000000000211,1.0069053173065185547,1,0.057631269097328186035,0,1.3051905632019042969,1.5
4935.1199999999998909,1.0068384408950805664,1,0.057791266590356826782,0,1.3064032793045043945,1.5
4935.1719999999995707,1.0066378116607666016,1,0.057778958231210708618,0,1.30892181396484375,1.5
4935.2240000000001601,1.0064412355422973633,1,0.057348717004060745239,0,1.3105221986770629883,1.5
4935.2759999999998399,1.0059177875518798828,1,0.056091245263814926147,0,1.3140358924865722656,1.5
4935.3280000000004293,1.0062214136123657227,1,0.057366244494915008545,0,1.3139903545379638672,1.5
4935.3800000000001091,1.0067123174667358398,1,0.059543367475271224976,0,1.3140653371810913086,1.5
4935.431999999999789,1.0068044662475585938,1,0.060254398733377456665,0,1.3148723840713500977,1.5
4935.4840000000003783,1.0067470073699951172,1,0.060271706432104110718,0,1.3156237602233886719,1.5
4935.5360000000000582,1.006491541862487793,1,0.059715513139963150024,0,1.3172643184661865234,1.5
4935.5879999999997381,1.0062458515167236328,1,0.058963313698768615723,0,1.3186765909194946289,1.5
4935.6400000000003274,1.0057829618453979492,1,0.05732364952564239502,0,1.3213520050048828125,1.5
4935.6920000000000073,1.0054025650024414062,1,0.055930998176336288452,0,1.3232990503311157227,1.5
4935.7479999999995925,1.0062290430068969727,1,0.059554990381002426147,0,1.3230167627334594727,1.5
4935.8000000000001819,1.0067903995513916016,1,0.06211099773645401001,0,1.3241072893142700195,1.5
4935.8559999999997672,1.0069736242294311523,1,0.062931366264820098877,0,1.3244079351425170898,1.5
4935.9080000000003565,1.0070943832397460938,1,0.063605614006519317627,0,1.3262742757797241211,1.5
4935.9600000000000364,1.007106781005859375,1,0.063724853098392486572,0,1.3270742893218994141,1.5
4936.0119999999997162,1.006882786750793457,1,0.062930785119533538818,0,1.3292499780654907227,1.5
4936.0640000000003056,1.0067478418350219727,1,0.062467873096466064453,0,1.3285198211669921875,1.5
4936.1159999999999854,1.0060393810272216797,1,0.062310717999935150146,0,1.3202852010726928711,1.5
4936.1679999999996653,1.0048701763153076172,1,0.063531823456287384033,0,1.3069869279861450195,1.5
4936.2200000000002547,1.0041038990020751953,1,0.063310906291007995605,0,1.3005803823471069336,1.5
4936.2719999999999345,1.0021225214004516602,1,0.062198691070079803467,0,1.2841308116912841797,1.5
4936.3280000000004293,1.0010232925415039062,1,0.061087492853403091431,0,1.2751752138137817383,1.5
19883.524000000001251,0.98230445384979248047,1,0.1134332120418548584,0,0.99456363916397094727,1.5
19883.576000000000931,0.98184478282928466797,1,0.1128646358847618103,0,0.99288648366928100586,1.5
19883.628000000000611,0.98080450296401977539,1,0.11164979636669158936,0,0.9888661503791809082,1.5
19883.680000000000291,0.98009961843490600586,1,0.11076246947050094604,0,0.98821759223937988281,1.5
19883.731999999999971,0.97978419065475463867,1,0.11021680384874343872,0,0.9930356144905090332,1.5
19883.783999999999651,0.97958785295486450195,1,0.10905598849058151245,0,1.0084646940231323242,1.5
19883.835999999999331,0.97963660955429077148,1,0.10791083425283432007,0,1.0230029821395874023,1.5
19883.88799999999901,0.97954881191253662109,1,0.10545723885297775269,0,1.0486623048782348633,1.5
19883.93999999999869,0.9785086512565612793,1,0.10302294790744781494,0,1.0674884319305419922,1.5
19883.99199999999837,0.97708290815353393555,1,0.098407372832298278809,0,1.1005125045776367188,1.5
19884.044000000001688,0.97662442922592163086,1,0.096118919551372528076,0,1.1158210039138793945,1.5
19884.096000000001368,0.97585082054138183594,1,0.09153862297534942627,0,1.1439864635467529297,1.5
19884.148000000001048,0.97518527507781982422,1,0.086043335497379302979,0,1.17414093017578125,1.5
19884.200000000000728,0.97500175237655639648,1,0.083404801785945892334,0,1.1874402761459350586,1.5
19884.252000000000407,0.97465187311172485352,1,0.077693372964859008789,0,1.2140921354293823242,1.5
19884.304000000000087,0.97460347414016723633,1,0.074997924268245697021,0,1.2257786989212036133,1.5
19884.355999999999767,0.97128617763519287109,1,0.070869319140911102295,0,1.2503069639205932617,1.5
19884.407999999999447,0.97008478641510009766,1,0.068807393312454223633,0,1.2609349489212036133,1.5
19884.459999999999127,0.96764373779296875,1,0.064413085579872131348,0,1.2820492982864379883,1.5
19884.511999999998807,0.96677893400192260742,1,0.062284812331199645996,0,1.2910274267196655273,1.5
19884.563999999998487,0.96501982212066650391,1,0.057849127799272537231,0,1.3090472221374511719,1.5
19884.616000000001804,0.96367615461349487305,1,0.053103335201740264893,0,1.3264185190200805664,1.5
19884.668000000001484,0.96320450305938720703,1,0.051280338317155838013,0,1.3327338695526123047,1.5
19884.720000000001164,0.96121168136596679688,1,0.046677540987730026245,0,1.3483991622924804688,1.5
19884.772000000000844,0.96032750606536865234,1,0.04494573548436164856,0,1.3542573451995849609,1.5
19884.824000000000524,0.95874667167663574219,1,0.040455281734466552734,0,1.3678534030914306641,1.5
19884.876000000000204,0.95821100473403930664,1,0.038759492337703704834,0,1.3729329109191894531,1.5
19884.927999999999884,0.95740664005279541016,1,0.034408401697874069214,0,1.3844535350799560547,1.5
19884.979999999999563,0.9571717381477355957,1,0.032753754407167434692,0,1.3885910511016845703,1.5
19885.031999999999243,0.95701062679290771484,1,0.028508493676781654358,0,1.397852778434753418,1.5
19885.083999999998923,0.95688021183013916016,1,0.025273881852626800537,0,1.4045202732086181641,1.5
19885.135999999998603,0.9560000300407409668,1,0.023766104131937026978,0,1.4098093509674072266,1.5
19885.187999999998283,0.95507377386093139648,1,0.02145689353346824646,0,1.4169409275054931641,1.5
19885.240000000001601,0.95465224981307983398,1,0.019899586215615272522,0,1.4211893081665039062,1.5
19885.292000000001281,0.95432078838348388672,1,0.017589712515473365784,0,1.4271527528762817383,1.5
19885.34400000000096,0.95428061485290527344,1,0.016084587201476097107,0,1.4308050870895385742,1.5
19885.39600000000064,0.95445883274078369141,1,0.013863290660083293915,0,1.4358217716217041016,1.5
19885.44800000000032,0.95499396324157714844,1,0.011430017650127410889,0,1.4409013986587524414,1.5
19885.5,0.95539295673370361328,1,0.010291214101016521454,0,1.4428411722183227539,1.5
19885.55199999999968,0.95282036066055297852,1,0.0085982531309127807617,0,1.4477220773696899414,1.5
19885.60399999999936,0.95204335451126098633,1,0.007756006438285112381,0,1.449649810791015625,1.5
19885.65599999999904,0.95057302713394165039,1,0.0060311122797429561615,0,1.4537024497985839844,1.5
19885.707999999998719,0.94999700784683227539,1,0.0049921376630663871765,0,1.4558913707733154297,1.5
19885.759999999998399,0.94945454597473144531,1,0.0034322314895689487457,0,1.4588756561279296875,1.5
19885.812000000001717,0.94937610626220703125,1,0.0025910648982971906662,0,1.4602804183959960938,1.5
19885.864000000001397,0.94934612512588500977,1,0.00091569160576909780502,0,1.4628884792327880859,1.5
19885.916000000001077,0.94868886470794677734,1,0.00072137883398681879044,0,1.4651268720626831055,1.5
19885.968000000000757,0.94816303253173828125,1,0.0011300180340185761452,0,1.4659636020660400391,1.5
19886.020000000000437,0.94752985239028930664,1,0.0016716382233425974846,0,1.4675699472427368164,1.5
19886.072000000000116,0.94735735654830932617,1,0.0018868240294978022575,0,1.4682824611663818359,1.5
19886.123999999999796,0.94745784997940063477,1,0.0020713540725409984589,0,1.4697381258010864258,1.5
19886.175999999999476,0.94756388664245605469,1,0.0021573218982666730881,0,1.4702762365341186523,1.5
19886.227999999999156,0.94824939966201782227,1,0.0021003363654017448425,0,1.4713584184646606445,1.5
19886.279999999998836,0.94912904500961303711,1,0.0019243659917265176773,0,1.4720455408096313477,1.5
19886.331999999998516,0.9483057856559753418,1,0.0025999629870057106018,0,1.4728422164916992188,1.5
19886.383999999998196,0.94752496480941772461,1,0.0033902672585099935532,0,1.4738886356353759766,1.5
19886.436000000001513,0.94727128744125366211,1,0.0037690803874284029007,0,1.4746561050415039062,1.5
19886.488000000001193,0.94722205400466918945,1,0.0041437642648816108704,0,1.4758611917495727539,1.5
19886.540000000000873,0.94596040248870849609,1,0.0053748949430882930756,0,1.4767600297927856445,1.5
19886.592000000000553,0.94458615779876708984,1,0.0068333330564200878143,0,1.4777435064315795898,1.5
19886.644000000000233,0.94399046897888183594,1,0.0075847315602004528046,0,1.4781876802444458008,1.5
19886.695999999999913,0.94346219301223754883,1,0.0084119047969579696655,0,1.4787496328353881836,1.5
19886.747999999999593,0.94328194856643676758,1,0.0090222600847482681274,0,1.4791157245635986328,1.5
19886.799999999999272,0.94344508647918701172,1,0.009127073921263217926,0,1.4791097640991210938,1.5
19886.851999999998952,0.94397675991058349609,1,0.0092081138864159584045,0,1.4793388843536376953,1.5
19886.903999999998632,0.9444147944450378418,1,0.0090726222842931747437,0,1.4794700145721435547,1.5
19886.955999999998312,0.94564652442932128906,1,0.010493255220353603363,0,1.4829038381576538086,1.5
19887.00800000000163,0.94637781381607055664,1,0.010842823423445224762,0,1.4841724634170532227,1.5
19887.06000000000131,0.94807893037796020508,1,0.011387391015887260437,0,1.4869695901870727539,1.5
19887.11200000000099,0.9489905238151550293,1,0.011412820778787136078,0,1.4878975152969360352,1.5
19887.164000000000669,0.95103967189788818359,1,0.011290260590612888336,0,1.489611506462097168,1.5
19887.216000000000349,0.95335054397583007812,1,0.010698817670345306396,0,1.4905515909194946289,1.5
19887.268000000000029,0.95428329706192016602,1,0.010410030372440814972,0,1.4909013509750366211,1.5
19887.319999999999709,0.95437788963317871094,1,0.010642259381711483002,0,1.4926247596740722656,1.5
19887.371999999999389,0.95408254861831665039,1,0.010876634158194065094,0,1.4934352636337280273,1.5
19887.423999999999069,0.95400953292846679688,1,0.010930388234555721283,0,1.4945946931838989258,1.5
19887.475999999998749,0.95403528213500976562,1,0.010898845270276069641,0,1.4950042963027954102,1.5
19887.527999999998428,0.95457530021667480469,1,0.010426876135170459747,0,1.4954665899276733398,1.5
19887.580000000001746,0.9552466273307800293,1,0.009823818691074848175,0,1.495667576789855957,1.5
19887.632000000001426,0.95583051443099975586,1,0.0093169538304209709167,0,1.4957131147384643555,1.5
19887.684000000001106,0.95645666122436523438,1,0.0087545756250619888306,0,1.4960055351257324219,1.5
19887.736000000000786,0.95554792881011962891,1,0.0093757081776857376099,0,1.4966533184051513672,1.5
19887.788000000000466,0.95459800958633422852,1,0.0099621741101145744324,0,1.4974157810211181641,1.5
19887.840000000000146,0.95421904325485229492,1,0.010124359279870986938,0,1.4975450038909912109,1.5
19887.900000000001455,0.95398801565170288086,1,0.01010509394109249115,0,1.4974184036254882812,1.5
19887.952000000001135,0.95405000448226928711,1,0.0097608594223856925964,0,1.4971634149551391602,1.5
19888.004000000000815,0.95427137613296508789,1,0.0094272326678037643433,0,1.496982574462890625,1.5
19888.056000000000495,0.95485633611679077148,1,0.0085785323753952980042,0,1.4965529441833496094,1.5
19888.108000000000175,0.95529288053512573242,1,0.0080425636842846870422,0,1.4961628913879394531,1.5
19888.159999999999854,0.9538180232048034668,1,0.0097678890451788902283,0,1.4975980520248413086,1.5
19888.211999999999534,0.95350164175033569336,1,0.010197907686233520508,0,1.4980143308639526367,1.5
19888.263999999999214,0.95303994417190551758,1,0.010944897308945655823,0,1.4986704587936401367,1.5
19888.315999999998894,0.95322185754776000977,1,0.01105070021003484726,0,1.4985502958297729492,1.5
19888.367999999998574,0.95335638523101806641,1,0.011026175692677497864,0,1.4984090328216552734,1.5
19888.419999999998254,0.95417624711990356445,1,0.010443538427352905273,0,1.4977887868881225586,1.5
19888.472000000001572,0.95456832647323608398,1,0.01014708448201417923,0,1.4976155757904052734,1.5
19888.524000000001251,0.95387536287307739258,1,0.011356075294315814972,0,1.4967436790466308594,1.5
19888.576000000000931,0.9533602595329284668,1,0.012117651291191577911,0,1.4963181018829345703,1.5
19888.628000000000611,0.95287203788757324219,1,0.013136701658368110657,0,1.4952865839004516602,1.5
19888.684000000001106,0.95280402898788452148,1,0.013541786931455135345,0,1.4946173429489135742,1.5
19888.736000000000786,0.95292389392852783203,1,0.013583750464022159576,0,1.4941430091857910156,1.5
19888.788000000000466,0.95338457822799682617,1,0.013327833265066146851,0,1.4934704303741455078,1.5
19888.840000000000146,0.95383268594741821289,1,0.012957315891981124878,0,1.4928435087203979492,1.5
19888.891999999999825,0.9546692967414855957,1,0.012116063386201858521,0,1.4917745590209960938,1.5
19888.943999999999505,0.95379579067230224609,1,0.014675185084342956543,0,1.4921256303787231445,1.5
19888.995999999999185,0.95292991399765014648,1,0.017713444307446479797,0,1.4923452138900756836,1.5
19889.047999999998865,0.95244759321212768555,1,0.020352451130747795105,0,1.4924702644348144531,1.5
19889.099999999998545,0.95244336128234863281,1,0.021430507302284240723,0,1.492367863655090332,1.5
19889.151999999998225,0.95269948244094848633,1,0.022561393678188323975,0,1.4917616844177246094,1.5
19889.204000000001543,0.95299124717712402344,1,0.022870274260640144348,0,1.4914264678955078125,1.5
19889.256000000001222,0.95377027988433837891,1,0.023307276889681816101,0,1.4904203414916992188,1.5
19889.308000000000902,0.95383948087692260742,1,0.023836234584450721741,0,1.4897476434707641602,1.5
19889.360000000000582,0.9521719813346862793,1,0.027295775711536407471,0,1.4883049726486206055,1.5
19889.412000000000262,0.95176368951797485352,1,0.028327193111181259155,0,1.4878159761428833008,1.5
19889.463999999999942,0.95110833644866943359,1,0.03020572662353515625,0,1.4868367910385131836,1.5
19889.515999999999622,0.9511515498161315918,1,0.031067563220858573914,0,1.4859201908111572266,1.5
19889.572000000000116,0.95122778415679931641,1,0.03130305558443069458,0,1.4856084585189819336,1.5
19889.623999999999796,0.95188820362091064453,1,0.031181344762444496155,0,1.4850846529006958008,1.5
19889.675999999999476,0.95220005512237548828,1,0.031030027195811271667,0,1.4851059913635253906,1.5
19889.731999999999971,0.95159000158309936523,1,0.033672850579023361206,0,1.4857153892517089844,1.5
19889.783999999999651,0.95088618993759155273,1,0.036291480064392089844,0,1.4863632917404174805,1.5
19889.835999999999331,0.95062923431396484375,1,0.037584375590085983276,0,1.486736297607421875,1.5
19889.88799999999901,0.95052903890609741211,1,0.03894093632698059082,0,1.4870630502700805664,1.5
19889.93999999999869,0.95061415433883666992,1,0.039474830031394958496,0,1.4872291088104248047,1.5
19889.99199999999837,0.95094126462936401367,1,0.039741106331348419189,0,1.4874008893966674805,1.5
19890.047999999998865,0.95127791166305541992,1,0.039569273591041564941,0,1.4874225854873657227,1.5
19890.099999999998545,0.95163041353225708008,1,0.039552621543407440186,0,1.4873430728912353516,1.5
19890.151999999998225,0.95075446367263793945,1,0.042462516576051712036,0,1.4865103960037231445,1.5
19890.204000000001543,0.95062303543090820312,1,0.043228048831224441528,0,1.4861698150634765625,1.5
19890.256000000001222,0.95051705837249755859,1,0.044533852487802505493,0,1.4861541986465454102,1.5
19890.308000000000902,0.95067375898361206055,1,0.044716536998748779297,0,1.4861645698547363281,1.5
19890.360000000000582,0.95113766193389892578,1,0.044895164668560028076,0,1.4862875938415527344,1.5
19890.412000000000262,0.95151698589324951172,1,0.044626589864492416382,0,1.4863013029098510742,1.5
19890.463999999999942,0.95246332883834838867,1,0.043744228780269622803,0,1.4863162040710449219,1.5
19890.515999999999622,0.95285642147064208984,1,0.044085532426834106445,0,1.484746098518371582,1.5
19890.567999999999302,0.95280092954635620117,1,0.044711537659168243408,0,1.483872532844543457,1.5
19890.619999999998981,0.95309984683990478516,1,0.045212596654891967773,0,1.4819787740707397461,1.5
19890.671999999998661,0.95325464010238647461,1,0.045319318771362304688,0,1.4813218116760253906,1.5
19890.723999999998341,0.95399123430252075195,1,0.044825073331594467163,0,1.4797953367233276367,1.5
19890.776000000001659,0.95431244373321533203,1,0.044532742351293563843,0,1.4791980981826782227,1.5
19890.828000000001339,0.95542567968368530273,1,0.043157007545232772827,0,1.4778259992599487305,1.5
19890.880000000001019,0.95590835809707641602,1,0.042530357837677001953,0,1.4772799015045166016,1.5
19890.932000000000698,0.95568877458572387695,1,0.04318350180983543396,0,1.4765504598617553711,1.5
19890.984000000000378,0.95531117916107177734,1,0.044001281261444091797,0,1.4762275218963623047,1.5
19891.036000000000058,0.95523744821548461914,1,0.044191665947437286377,0,1.4761184453964233398,1.5
19891.087999999999738,0.95532935857772827148,1,0.044057812541723251343,0,1.4759210348129272461,1.5
19891.139999999999418,0.95551198720932006836,1,0.043704964220523834229,0,1.4757258892059326172,1.5
19891.191999999999098,0.95595610141754150391,1,0.042843412607908248901,0,1.4754922389984130859,1.5
19891.243999999998778,0.95635944604873657227,1,0.042058929800987243652,0,1.4756443500518798828,1.5
19891.295999999998457,0.9571068882942199707,1,0.040567871183156967163,0,1.4760248661041259766,1.5
19891.348000000001775,0.95682913064956665039,1,0.042468897998332977295,0,1.4754923582077026367,1.5
19891.400000000001455,0.95690566301345825195,1,0.042865339666604995728,0,1.475372314453125,1.5
19891.452000000001135,0.95713192224502563477,1,0.043550733476877212524,0,1.4751299619674682617,1.5
19891.50800000000163,0.957370758056640625,1,0.043526373803615570068,0,1.4750703573226928711,1.5
19891.56000000000131,0.95794850587844848633,1,0.043272372335195541382,0,1.4749180078506469727,1.5
19891.61200000000099,0.95832473039627075195,1,0.042875103652477264404,0,1.4748578071594238281,1.5
19891.664000000000669,0.95920562744140625,1,0.041835211217403411865,0,1.4745429754257202148,1.5
19891.716000000000349,0.9597002863883972168,1,0.04182391241192817688,0,1.4723442792892456055,1.5
19891.768000000000029,0.95971113443374633789,1,0.042228013277053833008,0,1.4709353446960449219,1.5
19891.819999999999709,0.96005809307098388672,1,0.042374242097139358521,0,1.4680455923080444336,1.5
19891.871999999999389,0.9602203369140625,1,0.042355500161647796631,0,1.4670178890228271484,1.5
19891.923999999999069,0.96091574430465698242,1,0.041677482426166534424,0,1.4649718999862670898,1.5
19891.975999999998749,0.96123552322387695312,1,0.041339050978422164917,0,1.4641900062561035156,1.5
19892.031999999999243,0.96222275495529174805,1,0.039977021515369415283,0,1.462628483772277832,1.5
19892.083999999998923,0.96316194534301757812,1,0.0385684184730052948,0,1.4616681337356567383,1.5
19892.135999999998603,0.9644927978515625,1,0.038746334612369537354,0,1.4606379270553588867,1.5
19892.187999999998283,0.96644043922424316406,1,0.038617812097072601318,0,1.4594134092330932617,1.5
19892.240000000001601,0.96767723560333251953,1,0.038312517106533050537,0,1.4587365388870239258,1.5
19892.292000000001281,0.96950286626815795898,1,0.037572368979454040527,0,1.4580100774765014648,1.5
19892.34400000000096,0.97066110372543334961,1,0.03692757338285446167,0,1.4575507640838623047,1.5
19892.39600000000064,0.97232651710510253906,1,0.035747885704040527344,0,1.4569145441055297852,1.5
19892.44800000000032,0.9741885066032409668,1,0.034137643873691558838,0,1.4564117193222045898,1.5
19892.5,0.97468519210815429688,1,0.033554539084434509277,0,1.4559628963470458984,1.5
19892.55199999999968,0.97442847490310668945,1,0.033440873026847839355,0,1.4525414705276489258,1.5
19892.60399999999936,0.97442871332168579102,1,0.033160962164402008057,0,1.4513796567916870117,1.5
19892.65599999999904,0.97437268495559692383,1,0.03246912732720375061,0,1.4488496780395507812,1.5
19892.707999999998719,0.97439604997634887695,1,0.031903669238090515137,0,1.4476171731948852539,1.5
19892.759999999998399,0.97448486089706420898,1,0.030879687517881393433,0,1.446259617805480957,1.5
19892.815999999998894,0.97456353902816772461,1,0.030239870771765708923,0,1.4458910226821899414,1.5
19892.867999999998574,0.97473639249801635742,1,0.028805688023567199707,0,1.4451717138290405273,1.5
19892.919999999998254,0.97503948211669921875,1,0.026919977739453315735,0,1.444466710090637207,1.5
19892.972000000001572,0.97517174482345581055,1,0.026095597073435783386,0,1.4440735578536987305,1.5
19893.024000000001251,0.97559696435928344727,1,0.023946238681674003601,0,1.4441425800323486328,1.5
19893.076000000000931,0.97577261924743652344,1,0.023098107427358627319,0,1.4441301822662353516,1.5
19893.128000000000611,0.97630870342254638672,1,0.020899910479784011841,0,1.4447253942489624023,1.5
19893.180000000000291,0.97681605815887451172,1,0.018998071551322937012,0,1.4455091953277587891,1.5
19893.231999999999971,0.9771836400032043457,1,0.017729567363858222961,0,1.4462249279022216797,1.5
19893.283999999999651,0.97777408361434936523,1,0.015867313370108604431,0,1.4472010135650634766,1.5
19893.335999999999331,0.97863417863845825195,1,0.014375532977283000946,0,1.4470908641815185547,1.5
19893.38799999999901,0.97980958223342895508,1,0.01221465039998292923,0,1.4473328590393066406,1.5
19893.43999999999869,0.98053348064422607422,1,0.01081284601241350174,0,1.4473873376846313477,1.5
19893.49199999999837,0.98156052827835083008,1,0.0088228574022650718689,0,1.4475672245025634766,1.5
19893.544000000001688,0.98222935199737548828,1,0.0075909071601927280426,0,1.4477477073669433594,1.5
19893.596000000001368,0.98315346240997314453,1,0.0058441124856472015381,0,1.4481763839721679688,1.5
19893.648000000001048,0.98371636867523193359,1,0.0047369617968797683716,0,1.4486010074615478516,1.5
19893.700000000000728,0.98472571372985839844,1,0.002994549926370382309,0,1.4489663839340209961,1.5
19893.752000000000407,0.98692494630813598633,1,0.00017820308858063071966,0,1.4472271203994750977,1.5
19893.804000000000087,0.9877865910530090332,1,-0.00099383492488414049149,0,1.446745753288269043,1.5
19893.855999999999767,0.98955374956130981445,1,-0.003463116474449634552,0,1.4459146261215209961,1.5
19893.907999999999447,0.99024778604507446289,1,-0.0044820127077400684357,0,1.4458715915679931641,1.5
19893.959999999999127,0.99170476198196411133,1,-0.0065534831956028938293,0,1.4462375640869140625,1.5
19894.011999999998807,0.99243152141571044922,1,-0.0076572210527956485748,0,1.4465212821960449219,1.5
19894.063999999998487,0.99337154626846313477,1,-0.0092104049399495124817,0,1.4471933841705322266,1.5
19894.116000000001804,0.99383473396301269531,1,-0.0113166002556681633,0,1.4457472562789916992,1.5
19894.168000000001484,0.99385744333267211914,1,-0.012243329547345638275,0,1.4443030357360839844,1.5
19894.223999999998341,0.99385255575180053711,1,-0.014198147691786289215,0,1.4415191411972045898,1.5
19894.276000000001659,0.99383336305618286133,1,-0.014915504492819309235,0,1.4404970407485961914,1.5
19894.328000000001339,0.99375355243682861328,1,-0.016398074105381965637,0,1.4391713142395019531,1.5
